experiment,n_points,train_examples,pca_var,insample_r2,cv_r2_mean,cv_r2_std,spearman,nn_recall,intrinsic_dim,held_out_n,held_out_loss,held_out_spearman,indist_loss,indist_spearman
020,10,5000,0.6782,1.0,-1.919,3.5282,0.7663,0.5,10.0819,4,0.01184,1.0,0.0,1.0
021,10,10000,0.6984,1.0,-1.8293,3.2875,0.6917,0.6,9.4874,4,0.01231,1.0,0.0,1.0
022,10,15000,0.7274,1.0,-2.407,4.1261,0.5941,0.4,7.2152,4,0.028,0.4,0.0,1.0
023,10,20000,0.6546,1.0,-1.9192,3.4263,0.7133,0.3,9.8652,4,0.02966,0.4,0.0,1.0
024,10,25000,0.703,1.0,-1.9598,3.6576,0.8153,0.4,6.6109,4,0.00925,0.8,0.0,1.0
025,10,30000,0.6687,1.0,-2.2771,3.9144,0.4854,0.5,16.3609,4,0.0427,-0.2,0.0,1.0
026,10,35000,0.6722,1.0,-2.0432,3.7501,0.7818,0.4,10.5342,4,0.01898,0.8,0.0,1.0
027,10,40000,0.6834,1.0,-1.8023,3.2806,0.815,0.5,13.0935,4,0.00792,1.0,0.0,1.0
028,10,45000,0.6497,1.0,-2.2293,3.8914,0.6414,0.3,11.3284,4,0.04078,0.6,0.0,1.0
029,10,50000,0.6922,1.0,-2.2145,3.8837,0.6096,0.5,9.7132,4,0.03402,0.6,0.0,1.0
030,20,5000,0.606,1.0,0.4551,0.2535,0.6014,0.5,8.2893,19,0.00834,0.7754,0.0,1.0
031,20,10000,0.6951,1.0,0.4966,0.2483,0.7362,0.55,8.5834,19,0.00689,0.7895,0.0,1.0
032,20,15000,0.6598,1.0,0.5088,0.2252,0.7298,0.45,8.9886,19,0.00949,0.786,0.0,1.0
033,20,20000,0.6763,1.0,0.4922,0.2868,0.6471,0.5,5.7236,19,0.00918,0.7421,0.0,1.0
034,20,25000,0.6691,1.0,0.467,0.2635,0.6473,0.5,7.2817,19,0.00635,0.8632,0.0,1.0
035,20,30000,0.6593,1.0,0.4596,0.2355,0.6984,0.55,8.4327,19,0.00773,0.8,0.0,1.0
036,20,35000,0.6846,1.0,0.4978,0.2491,0.6838,0.7,8.7398,19,0.00625,0.8386,0.0,1.0
037,20,40000,0.6422,1.0,0.4454,0.2434,0.6137,0.4,6.1136,19,0.01398,0.707,0.0,1.0
038,20,45000,0.7134,1.0,0.5497,0.2126,0.7337,0.6,5.6307,19,0.00525,0.893,0.0,1.0
039,20,50000,0.7012,1.0,0.4938,0.2365,0.7014,0.45,9.4052,19,0.0064,0.8596,0.0,1.0
040,50,5000,0.7135,0.9866,0.9115,0.0248,0.8608,0.6,4.127,122,0.00013,0.9973,1e-05,0.9998
041,50,10000,0.7659,0.9848,0.9163,0.0177,0.8559,0.72,4.3847,122,5e-05,0.9985,0.0,1.0
042,50,15000,0.7328,0.9853,0.912,0.0214,0.8557,0.76,4.6587,122,0.0001,0.9971,1e-05,0.9996
043,50,20000,0.7644,0.9816,0.9071,0.0157,0.874,0.74,4.872,122,8e-05,0.9979,0.0,1.0
044,50,25000,0.6415,0.982,0.8792,0.0342,0.7835,0.7,3.7797,122,8e-05,0.9979,0.0,1.0
045,50,30000,0.7629,0.9854,0.9215,0.0214,0.8429,0.74,4.2795,122,0.0001,0.9977,0.0,0.9999
046,50,35000,0.747,0.9855,0.9136,0.0213,0.8497,0.8,4.2554,122,7e-05,0.998,0.0,0.9998
047,50,40000,0.7677,0.9852,0.9199,0.0196,0.8625,0.82,3.5675,122,6e-05,0.9984,1e-05,0.9997
048,50,45000,0.7744,0.9838,0.9095,0.0243,0.8515,0.72,3.8588,122,8e-05,0.9978,0.0,1.0
049,50,50000,0.6588,0.9865,0.8883,0.0293,0.8124,0.64,4.5265,122,9e-05,0.9975,0.0,0.9999
050,100,5000,0.7616,0.9824,0.9602,0.0106,0.8903,0.64,3.9905,495,5e-05,0.9993,1e-05,0.9998
051,100,10000,0.7592,0.9819,0.9603,0.0086,0.8609,0.71,3.4534,495,2e-05,0.9997,0.0,0.9999
052,100,15000,0.7809,0.9812,0.9571,0.0107,0.8808,0.71,3.1204,495,4e-05,0.9995,1e-05,0.9998
053,100,20000,0.7695,0.9828,0.962,0.0124,0.8802,0.72,3.0825,495,3e-05,0.9996,0.0,0.9999
054,100,25000,0.7808,0.9795,0.9577,0.0128,0.8873,0.68,3.1734,495,3e-05,0.9997,1e-05,0.9999
055,100,30000,0.7923,0.9883,0.969,0.005,0.9031,0.74,2.8527,495,3e-05,0.9996,1e-05,0.9998
056,100,35000,0.7685,0.9806,0.9574,0.0137,0.8829,0.71,3.2721,495,2e-05,0.9997,0.0,0.9999
057,100,40000,0.761,0.9826,0.9581,0.015,0.8772,0.71,3.343,495,2e-05,0.9997,0.0,0.9999
058,100,45000,0.7774,0.983,0.961,0.0126,0.8846,0.69,3.3158,495,2e-05,0.9997,0.0,0.9999
059,100,50000,0.7592,0.9798,0.9547,0.0131,0.8804,0.7,3.0241,495,3e-05,0.9996,0.0,0.9999
060,800,5000,0.3176,0.1507,0.0845,0.0186,0.0578,0.0,14.512,31960,0.03015,0.0731,0.02982,0.0849
061,800,10000,0.6212,0.9633,0.9607,0.0039,0.8232,0.0663,13.6131,31960,0.00049,0.9923,0.00047,0.9924
062,800,15000,0.7042,0.969,0.9663,0.0034,0.8625,0.2313,9.5446,31960,4e-05,0.9993,4e-05,0.9993
063,800,20000,0.741,0.9769,0.975,0.0022,0.8825,0.3312,8.1463,31960,2e-05,0.9996,2e-05,0.9996
064,800,25000,0.7139,0.9765,0.9744,0.001,0.8718,0.3775,7.6989,31960,1e-05,0.9997,1e-05,0.9998
065,800,30000,0.7434,0.9684,0.9654,0.0024,0.876,0.3663,7.5225,31960,2e-05,0.9997,1e-05,0.9997
066,800,35000,0.7595,0.9733,0.9711,0.0031,0.89,0.48,6.555,31960,1e-05,0.9998,1e-05,0.9998
067,800,40000,0.7589,0.9794,0.9771,0.0015,0.8662,0.5025,5.6869,31960,1e-05,0.9999,1e-05,0.9999
068,800,45000,0.7675,0.9781,0.976,0.0018,0.8954,0.5437,5.7209,31960,1e-05,0.9999,1e-05,0.9999
069,800,50000,0.7064,0.9676,0.9646,0.0033,0.8416,0.5575,5.5596,31960,1e-05,0.9998,1e-05,0.9998
