checkpoint,world,seed,relation_budget,distance_pair_seed,pair_split_seed,world_seed,data_order_seed,held_out_point_seed,pair_split_digest,held_out_pair_digest,point_split_digest,training_step,num_points,tasks,pca_explained_variance,probe_r2,cv_probe_r2_mean,cv_probe_r2_std,embedding_distance_spearman,nearest_recall,embedding_intrinsic_dimension,prediction_mae,prediction_rmse,prediction_pearson,prediction_spearman,held_out_pair_n_examples,held_out_pair_normalized_mae,held_out_pair_normalized_rmse,held_out_pair_mae,held_out_pair_rmse,held_out_pair_r2,held_out_pair_pearson,held_out_pair_spearman,training_pair_n_examples,training_pair_normalized_mae,training_pair_normalized_rmse,training_pair_mae,training_pair_rmse,training_pair_r2,training_pair_pearson,training_pair_spearman,distance_transformer_1_task_id,distance_transformer_2_task_id,distance_pair_id,distance_h1_id,distance_h2_id,distance_task_layer1_layer2_cka,distance_sequence_layer1_layer2_cka,distance_entity_token_cka_layer1,distance_entity_token_cka_layer2,distance_symmetry_mean,distance_symmetry_max
models\octahedron_distance_pairs1000_pairseed0_seed0_model.pt,octahedron,0,1000,0,0,0,0,0,787df17189c671f8ca6c69ceed3eba499f2c8b637dda4f819fe47a11ece7c80f,760c267b2494ac8700a239363d26a15faf2bd11bbee7fd3ffca4d432fe89c617,e1e5ca890c2be46503524efbfad86a6dbe27c1738e27ed4f629fec2e5e86928e,5000,400,distance,0.25204476714134216,0.11771983483774093,-0.0006307087119068515,0.009476897345413187,0.029146939971469398,0.005,16.871997656110224,0.10572659224271774,0.12840937077999115,0.03161618113517761,0.03021749421749422,1000,0.10572659224271774,0.12840937077999115,0.3321498854788057,0.403409935894508,-0.4501806987196091,0.03161618113517761,0.03021749421749422,1000,0.0017793906154111028,0.0022545603569597006,0.005590120485242141,0.007082910254499377,0.9995468227716644,0.9998012781143188,0.9997594837594839,10.537205989799695,9.744382273837,9.744382273837,10.314720103616208,10.0506708754483,0.9245696791082486,0.9372427205619436,0.16697875804180978,0.4845169747471084,1.8594413120354147e-08,1.1920928955078125e-07
models\octahedron_distance_pairs1000_pairseed0_seed1_model.pt,octahedron,1,1000,0,0,0,0,0,787df17189c671f8ca6c69ceed3eba499f2c8b637dda4f819fe47a11ece7c80f,760c267b2494ac8700a239363d26a15faf2bd11bbee7fd3ffca4d432fe89c617,e1e5ca890c2be46503524efbfad86a6dbe27c1738e27ed4f629fec2e5e86928e,5000,400,distance,0.27594953775405884,0.1320572481631321,0.003939628080684593,0.016547754830388756,0.012816719432167193,0.005,16.00346963701711,0.10883556306362152,0.13170167803764343,0.059572868049144745,0.055525639525639534,1000,0.10883556306362152,0.13170167803764343,0.341917005369982,0.4137530241885088,-0.5254966027567123,0.059572868049144745,0.055525639525639534,1000,0.006572362035512924,0.00824661087244749,0.02064768428749986,0.02590749213389475,0.9939368911815576,0.9974982738494873,0.9973497493497494,10.417532454424242,9.83262844380766,9.83262844380766,9.850202057617675,9.981889567147173,0.9047457589583816,0.9194019567169066,0.12653608420229392,0.441127805574791,2.2305176372583446e-08,1.7881393432617188e-07
models\octahedron_distance_pairs1000_pairseed0_seed2_model.pt,octahedron,2,1000,0,0,0,0,0,787df17189c671f8ca6c69ceed3eba499f2c8b637dda4f819fe47a11ece7c80f,760c267b2494ac8700a239363d26a15faf2bd11bbee7fd3ffca4d432fe89c617,e1e5ca890c2be46503524efbfad86a6dbe27c1738e27ed4f629fec2e5e86928e,5000,400,distance,0.2584243416786194,0.16478818838089174,0.039575520271695794,0.023848848049834497,0.05180190271401903,0.005,14.928066540153798,0.10262031853199005,0.1250091940164566,0.11825653165578842,0.11417286651538511,1000,0.10262031853199005,0.1250091940164566,0.32239123880914444,0.3927279655532812,-0.37439836988685693,0.11825653165578842,0.11417286651538511,1000,0.00024182224296964705,0.00029858594643883407,0.0007597069819880492,0.0009380354157973966,0.9999920515375839,0.9999969005584717,0.9999918519918521,10.880429939354023,9.706128842950896,9.706128842950896,9.787535857606015,9.812028848312222,0.9016285144417031,0.9285383389380955,0.11085921015901073,0.38613040785972347,2.2280961076148742e-08,1.1920928955078125e-07
models\octahedron_distance_pairs1000_pairseed0_seed3_model.pt,octahedron,3,1000,0,0,0,0,0,787df17189c671f8ca6c69ceed3eba499f2c8b637dda4f819fe47a11ece7c80f,760c267b2494ac8700a239363d26a15faf2bd11bbee7fd3ffca4d432fe89c617,e1e5ca890c2be46503524efbfad86a6dbe27c1738e27ed4f629fec2e5e86928e,5000,400,distance,0.26502683758735657,0.11285075894966712,-0.0022170082546703503,0.008393692756455533,0.01036381488763815,0.0075,16.548572242154613,0.10670100897550583,0.1295192837715149,0.07496796548366547,0.06791633591633592,1000,0.10670100897550583,0.1295192837715149,0.3352111059280677,0.4068968303948029,-0.47535841151533287,0.07496796548366547,0.06791633591633592,1000,0.0020475920755416155,0.0025161304511129856,0.006432700222070216,0.007904656940690128,0.999435569241112,0.9998819231987,0.99985887985888,10.346823978096435,9.29323590274384,9.29323590274384,9.532297791920197,9.535526647473187,0.904640850219894,0.9230584480615919,0.11899606175767193,0.3915813849175911,2.0208210216310363e-08,1.1920928955078125e-07
models\octahedron_distance_pairs1000_pairseed0_seed4_model.pt,octahedron,4,1000,0,0,0,0,0,787df17189c671f8ca6c69ceed3eba499f2c8b637dda4f819fe47a11ece7c80f,760c267b2494ac8700a239363d26a15faf2bd11bbee7fd3ffca4d432fe89c617,e1e5ca890c2be46503524efbfad86a6dbe27c1738e27ed4f629fec2e5e86928e,5000,400,distance,0.27636921405792236,0.10974864557030946,-0.009245998372500354,0.010886415714937219,0.01048533710085337,0.0,15.321008515817615,0.10475300252437592,0.12647154927253723,0.08680420368909836,0.06809006009006009,1000,0.10475300252437592,0.12647154927253723,0.32909126317205245,0.3973220900827225,-0.4067415451384462,0.08680420368909836,0.06809006009006009,1000,0.005124712362885475,0.006529337260872126,0.016099758711001798,0.02051251797156597,0.9961991339705386,0.9985032081604004,0.9984398904398905,10.445206796073487,9.606135790948539,9.606135790948539,9.908028984847613,10.081039536562034,0.9230308726482152,0.9347025116853135,0.17417696474374092,0.504074252205951,2.2621453155124982e-08,1.1920928955078125e-07
models\octahedron_distance_pairs2000_pairseed0_seed0_model.pt,octahedron,0,2000,0,0,0,0,0,9ed85f87f180e64be17775f5f89edca616a46f8cb85bf57b352ce99193204e8f,760c267b2494ac8700a239363d26a15faf2bd11bbee7fd3ffca4d432fe89c617,e1e5ca890c2be46503524efbfad86a6dbe27c1738e27ed4f629fec2e5e86928e,5000,400,distance,0.22072827816009521,0.2759299555459457,0.14202273422269082,0.027346362813130295,0.11572767305327673,0.0075,17.568444381830474,0.10059420764446259,0.12304841727018356,0.15306004881858826,0.14684441084441086,1000,0.10059420764446259,0.12304841727018356,0.31602602372952987,0.3865680037318601,-0.3316211520164045,0.15306004881858826,0.14684441084441086,2000,0.004702036734670401,0.006092988885939121,0.01477188406254987,0.0191416891224706,0.9968565972103341,0.9985856413841248,0.9985527051381764,11.37110284096597,10.590724874151045,10.590724874151045,11.313629544833823,10.931064342200418,0.9038187730682091,0.9243105589718176,0.15647615426618602,0.4679845082721869,2.167224799620726e-08,1.4901161193847656e-07
models\octahedron_distance_pairs2000_pairseed0_seed1_model.pt,octahedron,1,2000,0,0,0,0,0,9ed85f87f180e64be17775f5f89edca616a46f8cb85bf57b352ce99193204e8f,760c267b2494ac8700a239363d26a15faf2bd11bbee7fd3ffca4d432fe89c617,e1e5ca890c2be46503524efbfad86a6dbe27c1738e27ed4f629fec2e5e86928e,5000,400,distance,0.2240750938653946,0.20791538412556707,0.07317936990416266,0.015473770110023589,0.04980504421805044,0.0,14.50365909402502,0.10638006031513214,0.13133573532104492,0.07461246103048325,0.07281112881112882,1000,0.10638006031513214,0.13133573532104492,0.3342028159744582,0.41260338123840823,-0.5170308375482948,0.07461246103048325,0.07281112881112882,2000,0.007045595441013575,0.008882137015461922,0.022134390877653985,0.027904056395953145,0.9933200356557078,0.9973407983779907,0.9972661634405158,10.624205046367619,10.38965650681134,10.38965650681134,10.859349936591277,10.736509995772854,0.8546780177979164,0.9125122155474379,0.13321035750749471,0.36012981590781534,2.3736431487009213e-08,2.384185791015625e-07
models\octahedron_distance_pairs2000_pairseed0_seed2_model.pt,octahedron,2,2000,0,0,0,0,0,9ed85f87f180e64be17775f5f89edca616a46f8cb85bf57b352ce99193204e8f,760c267b2494ac8700a239363d26a15faf2bd11bbee7fd3ffca4d432fe89c617,e1e5ca890c2be46503524efbfad86a6dbe27c1738e27ed4f629fec2e5e86928e,5000,400,distance,0.24019759893417358,0.29094102394283544,0.15713663071259312,0.013658393767056938,0.1451892087958921,0.0025,17.5068218124309,0.1022646427154541,0.1263793706893921,0.16441676020622253,0.14802464802464804,1000,0.1022646427154541,0.1263793706893921,0.32127385027685557,0.3970325025230954,-0.40469157419249213,0.16441676020622253,0.14802464802464804,2000,0.005869755521416664,0.007571000140160322,0.01844038082445072,0.023784998420654964,0.995146603940898,0.9976533651351929,0.9975933063983266,11.274855829402936,10.159083860237665,10.159083860237665,10.570436097312184,10.44689149886613,0.8767826549220581,0.9185482772947461,0.11227287786727883,0.3733961755608909,2.4169496626313958e-08,1.4901161193847656e-07
models\octahedron_distance_pairs2000_pairseed0_seed3_model.pt,octahedron,3,2000,0,0,0,0,0,9ed85f87f180e64be17775f5f89edca616a46f8cb85bf57b352ce99193204e8f,760c267b2494ac8700a239363d26a15faf2bd11bbee7fd3ffca4d432fe89c617,e1e5ca890c2be46503524efbfad86a6dbe27c1738e27ed4f629fec2e5e86928e,5000,400,distance,0.26257508993148804,0.17595824370019095,0.048779101068807215,0.02012225178355823,0.05819916098999161,0.0075,15.416658317572413,0.10367904603481293,0.12857142090797424,0.12174610048532486,0.12471436071436072,1000,0.10367904603481293,0.12857142090797424,0.32571732935416625,0.40391903138609303,-0.45384315243778883,0.12174610048532486,0.12471436071436072,2000,0.005808772519230843,0.007459721062332392,0.01824879707278989,0.02343540488725249,0.9952882264130782,0.9978821277618408,0.997788751947188,10.721069942107,10.048072762196355,10.048072762196355,10.248882122819499,10.01548885445439,0.9063104022539911,0.9165711110808791,0.15956685812839794,0.42835969857820494,2.389326603235986e-08,1.1920928955078125e-07
models\octahedron_distance_pairs2000_pairseed0_seed4_model.pt,octahedron,4,2000,0,0,0,0,0,9ed85f87f180e64be17775f5f89edca616a46f8cb85bf57b352ce99193204e8f,760c267b2494ac8700a239363d26a15faf2bd11bbee7fd3ffca4d432fe89c617,e1e5ca890c2be46503524efbfad86a6dbe27c1738e27ed4f629fec2e5e86928e,5000,400,distance,0.22743186354637146,0.25081271967483465,0.11191956854853698,0.030356105044848012,0.07161154554811547,0.005,16.246534234712115,0.10075847059488297,0.12462656944990158,0.14863117039203644,0.1457919977919978,1000,0.10075847059488297,0.12462656944990158,0.3165420710078275,0.39152591502590894,-0.36599760723492714,0.14863117039203644,0.1457919977919978,2000,0.004764328710734844,0.005968001205474138,0.014967580076931518,0.018749028743732583,0.9969842380490072,0.9989193677902222,0.9988787302196827,11.01117975570008,10.751117097570777,10.751117097570777,11.12693586121927,10.654750300451418,0.9053686862661503,0.923263488509296,0.15408071858542002,0.4295134118833884,2.5983155182984774e-08,1.4901161193847656e-07
models\octahedron_distance_pairs3000_pairseed0_seed0_model.pt,octahedron,0,3000,0,0,0,0,0,8f17bf37196e37ee2f6d83df2d29be76fd84fc5f182eaa6aa7febf68db8868f3,760c267b2494ac8700a239363d26a15faf2bd11bbee7fd3ffca4d432fe89c617,e1e5ca890c2be46503524efbfad86a6dbe27c1738e27ed4f629fec2e5e86928e,5000,400,distance,0.2188015878200531,0.37991002425763126,0.24471107553650576,0.02284929204286296,0.1708138592321386,0.0025,18.71437729684041,0.09366597980260849,0.11663074791431427,0.26067474484443665,0.24986020586020588,1000,0.09366597980260849,0.11663074791431427,0.2942603540391648,0.3664063008302928,-0.19634043155658554,0.26067474484443665,0.24986020586020588,3000,0.0019920109771192074,0.002591456053778529,0.006258087051587927,0.008141299300651423,0.9994276044097022,0.9997283816337585,0.9997102786344753,11.828805742709234,10.756137475680736,10.756137475680736,11.021402818766575,11.14473862376678,0.8929259047051535,0.9159213209965232,0.15173479695481007,0.4207760956952466,2.4139136911571768e-08,1.1920928955078125e-07
models\octahedron_distance_pairs3000_pairseed0_seed1_model.pt,octahedron,1,3000,0,0,0,0,0,8f17bf37196e37ee2f6d83df2d29be76fd84fc5f182eaa6aa7febf68db8868f3,760c267b2494ac8700a239363d26a15faf2bd11bbee7fd3ffca4d432fe89c617,e1e5ca890c2be46503524efbfad86a6dbe27c1738e27ed4f629fec2e5e86928e,5000,400,distance,0.2224074751138687,0.47433807809575984,0.3217115502527865,0.04188874047133642,0.22120861014408608,0.015,16.120183623958088,0.08800186216831207,0.11139555275440216,0.33122026920318604,0.33302399702399704,1000,0.08800186216831207,0.11139555275440216,0.27646600369019075,0.3499594501758041,-0.09135073467147459,0.33122026920318604,0.33302399702399704,3000,0.005110870581120253,0.006642787717282772,0.016056273471095582,0.020868933091972068,0.996238948129759,0.9981266856193542,0.99807283811899,10.922630941550594,10.047580019390981,10.047580019390981,10.471156516672824,10.424751412545735,0.8654377952932624,0.9001444020623168,0.15372633477826023,0.4394454621090237,2.4723634695078545e-08,1.4901161193847656e-07
models\octahedron_distance_pairs3000_pairseed0_seed2_model.pt,octahedron,2,3000,0,0,0,0,0,8f17bf37196e37ee2f6d83df2d29be76fd84fc5f182eaa6aa7febf68db8868f3,760c267b2494ac8700a239363d26a15faf2bd11bbee7fd3ffca4d432fe89c617,e1e5ca890c2be46503524efbfad86a6dbe27c1738e27ed4f629fec2e5e86928e,5000,400,distance,0.23369094729423523,0.40994201352939363,0.27695524150273887,0.04761040909752221,0.1875083371710834,0.01,17.70323574979617,0.0889711007475853,0.11082858592271805,0.3478109538555145,0.33631554031554034,1000,0.0889711007475853,0.11082858592271805,0.2795109564904113,0.3481782713425562,-0.0802698537098594,0.3478109538555145,0.33631554031554034,3000,0.0030641374178230762,0.00397540582343936,0.009626271601422575,0.012489105729955175,0.9986529876939344,0.9993737936019897,0.9993438670382073,11.163153862959286,10.387448286466158,10.387448286466158,11.040149241034637,10.81859114327521,0.856762396474542,0.8916322144528812,0.12182996622410346,0.41382208187446,2.6739016334431653e-08,1.7881393432617188e-07
models\octahedron_distance_pairs3000_pairseed0_seed3_model.pt,octahedron,3,3000,0,0,0,0,0,8f17bf37196e37ee2f6d83df2d29be76fd84fc5f182eaa6aa7febf68db8868f3,760c267b2494ac8700a239363d26a15faf2bd11bbee7fd3ffca4d432fe89c617,e1e5ca890c2be46503524efbfad86a6dbe27c1738e27ed4f629fec2e5e86928e,5000,400,distance,0.2392732799053192,0.4434285681780759,0.30546059588086105,0.03334403486152982,0.20026945546669458,0.0175,15.508633135383091,0.09359349310398102,0.11601192504167557,0.26574113965034485,0.26660511860511865,1000,0.09359349310398102,0.11601192504167557,0.29403263035927374,0.3644622114397377,-0.18367894004399044,0.26574113965034485,0.26660511860511865,3000,0.0039826808497309685,0.005042789038270712,0.012511960899107565,0.015842388996234406,0.9978325446812352,0.999213695526123,0.9992066893562106,11.267447673964801,9.904789923846193,9.904789923846193,10.414307128191615,10.593325210412665,0.886660856409734,0.9196586124514833,0.1632456271217033,0.39884482943155386,2.5634840028487815e-08,1.7881393432617188e-07
models\octahedron_distance_pairs3000_pairseed0_seed4_model.pt,octahedron,4,3000,0,0,0,0,0,8f17bf37196e37ee2f6d83df2d29be76fd84fc5f182eaa6aa7febf68db8868f3,760c267b2494ac8700a239363d26a15faf2bd11bbee7fd3ffca4d432fe89c617,e1e5ca890c2be46503524efbfad86a6dbe27c1738e27ed4f629fec2e5e86928e,5000,400,distance,0.2243802696466446,0.5202872015737262,0.39548530828432904,0.0379934263945853,0.2510676274946763,0.0075,16.448655947780896,0.08205883204936981,0.10286165028810501,0.428697407245636,0.4276490716490717,1000,0.08205883204936981,0.10286165028810501,0.2577954239284589,0.3231494048812331,0.0694587123891014,0.428697407245636,0.4276490716490717,3000,0.003707548137754202,0.004750861320644617,0.01164760599239912,0.01492527102316103,0.9980762295617147,0.9990458488464355,0.9990682070075784,11.09149518475022,10.49775903691856,10.49775903691856,10.588325149074832,11.25567879608583,0.8781329358220592,0.928081011394959,0.14444882432048267,0.3898325703015125,2.565830925504997e-08,1.1920928955078125e-07
models\octahedron_distance_pairs5000_pairseed0_seed0_model.pt,octahedron,0,5000,0,0,0,0,0,ee3400e8a80ae4a8e68a730d18ff5671aad410467df45fd528da658dee2cc076,760c267b2494ac8700a239363d26a15faf2bd11bbee7fd3ffca4d432fe89c617,e1e5ca890c2be46503524efbfad86a6dbe27c1738e27ed4f629fec2e5e86928e,5000,400,distance,0.3942139148712158,0.9605486604409093,0.9008135084144666,0.008584373486389128,0.8738906784029068,0.125,13.710525778497683,0.011314940638840199,0.015621988102793694,0.9898716807365417,0.9928023328023328,1000,0.011314940638840199,0.015621988102793694,0.03554693438678497,0.04907792305820382,0.9785364651341384,0.9898716807365417,0.9928023328023328,5000,0.004161742515861988,0.005373324733227491,0.013074499713964325,0.01688079750725982,0.9975386124044506,0.9988232851028442,0.9988553138341851,9.17183104973807,7.794381860448689,7.794381860448689,8.197079462189791,8.159301528640025,0.9010904598447343,0.9299403347369836,0.09262702790856558,0.4455711129641683,2.1795182547634795e-08,1.1920928955078125e-07
models\octahedron_distance_pairs5000_pairseed0_seed1_model.pt,octahedron,1,5000,0,0,0,0,0,ee3400e8a80ae4a8e68a730d18ff5671aad410467df45fd528da658dee2cc076,760c267b2494ac8700a239363d26a15faf2bd11bbee7fd3ffca4d432fe89c617,e1e5ca890c2be46503524efbfad86a6dbe27c1738e27ed4f629fec2e5e86928e,5000,400,distance,0.345831960439682,0.938769309955245,0.878409201476917,0.01676291515310103,0.7864414469804145,0.065,13.064171113725534,0.01729530654847622,0.023994654417037964,0.9757974147796631,0.9803554763554764,1000,0.01729530654847622,0.023994654417037964,0.054334807994276334,0.07538143004199235,0.9493642037044244,0.9757974147796631,0.9803554763554764,5000,0.0047018625773489475,0.005853008944541216,0.014771336931188223,0.018387769901566032,0.9970795333891619,0.9989014863967896,0.9988893162435726,8.780922420348034,7.4851864834456565,7.4851864834456565,7.925103086336105,7.898561855240265,0.9243147675650484,0.9384966756266644,0.18932002635435233,0.447776205422628,2.3021922146426732e-08,1.1920928955078125e-07
models\octahedron_distance_pairs5000_pairseed0_seed2_model.pt,octahedron,2,5000,0,0,0,0,0,ee3400e8a80ae4a8e68a730d18ff5671aad410467df45fd528da658dee2cc076,760c267b2494ac8700a239363d26a15faf2bd11bbee7fd3ffca4d432fe89c617,e1e5ca890c2be46503524efbfad86a6dbe27c1738e27ed4f629fec2e5e86928e,5000,400,distance,0.4307294189929962,0.9642800142333452,0.9090692769445374,0.011168579518618457,0.8984584271845844,0.1,15.313986562640283,0.010879945009946823,0.014417191036045551,0.9910212159156799,0.9933707253707255,1000,0.010879945009946823,0.014417191036045551,0.034180355314709865,0.04529294144424132,0.9817194201553888,0.9910212159156799,0.9933707253707255,5000,0.004504192154854536,0.005735599901527166,0.01415033698404779,0.018018918514568088,0.9971955255107078,0.9986071586608887,0.9986654415945534,8.931093891489155,7.5936446764588705,7.5936446764588705,7.710909929861623,7.786406341230234,0.9502191272657653,0.9398963923772842,0.07979243837341675,0.3606704621958061,2.390816788988559e-08,1.1920928955078125e-07
models\octahedron_distance_pairs5000_pairseed0_seed3_model.pt,octahedron,3,5000,0,0,0,0,0,ee3400e8a80ae4a8e68a730d18ff5671aad410467df45fd528da658dee2cc076,760c267b2494ac8700a239363d26a15faf2bd11bbee7fd3ffca4d432fe89c617,e1e5ca890c2be46503524efbfad86a6dbe27c1738e27ed4f629fec2e5e86928e,5000,400,distance,0.36469948291778564,0.9514324078784472,0.8878816571526705,0.008507213281436658,0.8177025695810257,0.1025,14.236909921071147,0.01692042499780655,0.023957736790180206,0.9761927127838135,0.9810353970353971,1000,0.01692042499780655,0.023957736790180206,0.05315708286872615,0.07526544989666804,0.9495199005536372,0.9761927127838135,0.9810353970353971,5000,0.005408851429820061,0.0069381482899188995,0.01699240791628135,0.021796835697125802,0.9958962489123602,0.9982727766036987,0.998284958107316,9.027185321583863,7.623788109623236,7.623788109623236,7.783906966097865,8.104150971495457,0.930035168484265,0.9412244777402459,0.10847722096382721,0.3808590025247925,2.3318827757634608e-08,1.1920928955078125e-07
models\octahedron_distance_pairs5000_pairseed0_seed4_model.pt,octahedron,4,5000,0,0,0,0,0,ee3400e8a80ae4a8e68a730d18ff5671aad410467df45fd528da658dee2cc076,760c267b2494ac8700a239363d26a15faf2bd11bbee7fd3ffca4d432fe89c617,e1e5ca890c2be46503524efbfad86a6dbe27c1738e27ed4f629fec2e5e86928e,5000,400,distance,0.3853626549243927,0.9627769058686382,0.90898042332914,0.008214005179521656,0.8810368489103686,0.11,14.216778125251016,0.014496807008981705,0.019271139055490494,0.9841817617416382,0.986961542961543,1000,0.014496807008981705,0.019271139055490494,0.04554306239992595,0.06054206888303628,0.9673379505138473,0.9841817617416382,0.986961542961543,5000,0.003360568545758724,0.0043135350570082664,0.010557537455240542,0.0135513700460992,0.9984137907282433,0.9992509484291077,0.999270137146788,9.530686791797597,8.131472828668663,8.131472828668663,8.659535729859696,8.707166597039052,0.9162162705458312,0.9436617605837101,0.1009270209446416,0.38134841266561703,2.598017445620826e-08,1.1920928955078125e-07
models\octahedron_distance_pairs10000_pairseed0_seed0_model.pt,octahedron,0,10000,0,0,0,0,0,3b0b47e878af3ef0c50b6be64de9ce5c8ca53d1fddfb4a911e0b1d2d5571cf61,760c267b2494ac8700a239363d26a15faf2bd11bbee7fd3ffca4d432fe89c617,e1e5ca890c2be46503524efbfad86a6dbe27c1738e27ed4f629fec2e5e86928e,5000,400,distance,0.48872822523117065,0.9690844631126164,0.9209797255814405,0.010021762287374678,0.9300193344601934,0.2175,14.210775413742258,0.004555688705295324,0.0059436289593577385,0.9986556768417358,0.998940302940303,1000,0.004555688705295324,0.0059436289593577385,0.014312118168597787,0.018672461074381818,0.9968930658617225,0.9986556768417358,0.998940302940303,10000,0.0032991019543260336,0.00416764710098505,0.010364434463154396,0.013093049515209433,0.9985095081357322,0.9994279146194458,0.999490218106896,7.284762899514736,5.244281878481267,5.244281878481267,5.521336420002717,5.423936796889084,0.9166889581791092,0.919271139291957,0.0795229500663865,0.4856540317212356,2.13060520337649e-08,1.1920928955078125e-07
models\octahedron_distance_pairs10000_pairseed0_seed1_model.pt,octahedron,1,10000,0,0,0,0,0,3b0b47e878af3ef0c50b6be64de9ce5c8ca53d1fddfb4a911e0b1d2d5571cf61,760c267b2494ac8700a239363d26a15faf2bd11bbee7fd3ffca4d432fe89c617,e1e5ca890c2be46503524efbfad86a6dbe27c1738e27ed4f629fec2e5e86928e,5000,400,distance,0.5100797414779663,0.9678152619778893,0.928587365766424,0.0062486070041062715,0.9369666287136662,0.1925,13.615910232440683,0.005637029651552439,0.007386994082480669,0.9976668357849121,0.9980890220890222,1000,0.005637029651552439,0.007386994082480669,0.017709250941384973,0.023206926341632544,0.9952008520807696,0.9976668357849121,0.9980890220890222,10000,0.004262344911694527,0.005378421396017075,0.01339055146164536,0.0168968091456374,0.9975176824631349,0.9987835884094238,0.9988973544379569,6.836250531721037,5.40916743980014,5.40916743980014,5.444960177929186,5.474007515045654,0.9211083192342369,0.9274499141246536,0.19472094842525026,0.7514897911357716,2.175494984157922e-08,1.1920928955078125e-07
models\octahedron_distance_pairs10000_pairseed0_seed2_model.pt,octahedron,2,10000,0,0,0,0,0,3b0b47e878af3ef0c50b6be64de9ce5c8ca53d1fddfb4a911e0b1d2d5571cf61,760c267b2494ac8700a239363d26a15faf2bd11bbee7fd3ffca4d432fe89c617,e1e5ca890c2be46503524efbfad86a6dbe27c1738e27ed4f629fec2e5e86928e,5000,400,distance,0.5238233208656311,0.9725243113325612,0.9262905115088973,0.015611065122544808,0.9350573609185736,0.1975,12.758319566350488,0.005501883570104837,0.006974054034799337,0.9984408617019653,0.9987109227109228,1000,0.005501883570104837,0.006974054034799337,0.017284677004747742,0.021909636921463853,0.9957224091354425,0.9984408617019653,0.9987109227109228,10000,0.004497811198234558,0.005495032761245966,0.014130290617607592,0.017263154553965564,0.9974088755362591,0.9993084669113159,0.9993816954218094,7.4541281624655165,5.210375269713506,5.210375269713506,5.317488223320956,5.2507192532705735,0.9302291518048149,0.9188001790229557,0.0691867586185753,0.43399528994241915,2.292394718494961e-08,1.1920928955078125e-07
models\octahedron_distance_pairs10000_pairseed0_seed3_model.pt,octahedron,3,10000,0,0,0,0,0,3b0b47e878af3ef0c50b6be64de9ce5c8ca53d1fddfb4a911e0b1d2d5571cf61,760c267b2494ac8700a239363d26a15faf2bd11bbee7fd3ffca4d432fe89c617,e1e5ca890c2be46503524efbfad86a6dbe27c1738e27ed4f629fec2e5e86928e,5000,400,distance,0.47526121139526367,0.96586706328005,0.9206313044608312,0.010145310005432617,0.911215907260159,0.16,13.700355256556303,0.008050917647778988,0.0102709224447608,0.9964509606361389,0.9970230610230609,1000,0.008050917647778988,0.0102709224447608,0.025292703736918887,0.03226705449805105,0.990722145141189,0.9964509606361389,0.9970230610230609,10000,0.00661094207316637,0.008196364156901836,0.020768887050367144,0.025749637421469507,0.9942351217675182,0.998172402381897,0.9983284086712539,7.396529204280643,5.59536803516305,5.59536803516305,5.73561618676132,5.547091268295768,0.9698736401675617,0.9391682368524006,0.09612668606293749,0.4058959597471244,2.194643045072553e-08,1.1920928955078125e-07
models\octahedron_distance_pairs10000_pairseed0_seed4_model.pt,octahedron,4,10000,0,0,0,0,0,3b0b47e878af3ef0c50b6be64de9ce5c8ca53d1fddfb4a911e0b1d2d5571cf61,760c267b2494ac8700a239363d26a15faf2bd11bbee7fd3ffca4d432fe89c617,e1e5ca890c2be46503524efbfad86a6dbe27c1738e27ed4f629fec2e5e86928e,5000,400,distance,0.5162764191627502,0.9712397729823095,0.927896669197577,0.012370103931707257,0.948877506404775,0.2375,12.206927448084086,0.005117733031511307,0.006624079775065184,0.9982566237449646,0.9985680265680266,1000,0.005117733031511307,0.006624079775065184,0.016077832494829743,0.02081016035813751,0.9961409561408461,0.9982566237449646,0.9985680265680266,10000,0.0037180434446781874,0.004689388908445835,0.011680577971528681,0.014732149744598895,0.998112963968326,0.9992395043373108,0.9993215162911988,6.899193966644859,5.2839201278724905,5.2839201278724905,5.3230985971835825,5.219054785572128,0.9451356220836011,0.9407433901622443,0.11790299483854486,0.5473218445189023,2.446472713302228e-08,1.4901161193847656e-07
models\octahedron_distance_pairs20000_pairseed0_seed0_model.pt,octahedron,0,20000,0,0,0,0,0,8a11e3c8d8cb9469b0fca1ddea3f48711b3aab7a222a4d65c5dee3d47e0a9f7b,760c267b2494ac8700a239363d26a15faf2bd11bbee7fd3ffca4d432fe89c617,e1e5ca890c2be46503524efbfad86a6dbe27c1738e27ed4f629fec2e5e86928e,5000,400,distance,0.5117178559303284,0.9698788895855575,0.9272653315661475,0.007257807755394375,0.9400514853405149,0.33,9.763979594471236,0.004404837731271982,0.005627908278256655,0.998723030090332,0.9988815028815029,1000,0.004404837731271982,0.005627908278256655,0.013838205856819191,0.017680595302048286,0.9972143750710835,0.998723030090332,0.9988815028815029,20000,0.003998967353254557,0.005075013730674982,0.012563126458929935,0.01594362585315585,0.9977853989950961,0.9990230798721313,0.999165008495281,5.900258184928399,4.324186154270697,4.324186154270697,4.477798006754569,4.464198039085359,0.9208836445643102,0.9272945347758381,0.076298694103915,0.5102214535154905,2.0579994597369478e-08,1.341104507446289e-07
models\octahedron_distance_pairs20000_pairseed0_seed1_model.pt,octahedron,1,20000,0,0,0,0,0,8a11e3c8d8cb9469b0fca1ddea3f48711b3aab7a222a4d65c5dee3d47e0a9f7b,760c267b2494ac8700a239363d26a15faf2bd11bbee7fd3ffca4d432fe89c617,e1e5ca890c2be46503524efbfad86a6dbe27c1738e27ed4f629fec2e5e86928e,5000,400,distance,0.5294562578201294,0.9732159580011953,0.9380210446630299,0.008030183399220047,0.9471596181515962,0.2975,11.090671927639246,0.005963681265711784,0.007579853292554617,0.9983034729957581,0.9986240786240786,1000,0.005963681265711784,0.007579853292554617,0.01873545725271122,0.02381281141917799,0.9949469892488079,0.9983034729957581,0.9986240786240786,20000,0.005471793003380299,0.006879156455397606,0.017190144701383577,0.02161150738317192,0.995930964961565,0.9987230896949768,0.9989413491260946,5.617989160513979,4.294718024519949,4.294718024519949,4.350865363173437,4.41278650191363,0.9285383374035598,0.9378299009535037,0.21723473738771706,0.7780945220365337,2.2223218820727197e-08,1.1920928955078125e-07
models\octahedron_distance_pairs20000_pairseed0_seed2_model.pt,octahedron,2,20000,0,0,0,0,0,8a11e3c8d8cb9469b0fca1ddea3f48711b3aab7a222a4d65c5dee3d47e0a9f7b,760c267b2494ac8700a239363d26a15faf2bd11bbee7fd3ffca4d432fe89c617,e1e5ca890c2be46503524efbfad86a6dbe27c1738e27ed4f629fec2e5e86928e,5000,400,distance,0.5171576738357544,0.9745920137816884,0.9298839996058585,0.014018486202563334,0.9480098871480989,0.305,11.439291476092622,0.004626933950930834,0.005866811610758305,0.9986214637756348,0.9988279468279468,1000,0.004626933950930834,0.005866811610758305,0.014535941708889505,0.01843113225635359,0.9969728571550788,0.9986214637756348,0.9988279468279468,20000,0.004141141660511494,0.005248647648841143,0.013009780218137545,0.016489112894880673,0.9976312679209914,0.99892258644104,0.9990819173608241,5.976055285932213,4.490971288554397,4.490971288554397,4.469912254613852,4.557596517289346,0.928226465939917,0.9259916528401717,0.07442448006323722,0.3559724244669519,2.2817403078079224e-08,1.1920928955078125e-07
models\octahedron_distance_pairs20000_pairseed0_seed3_model.pt,octahedron,3,20000,0,0,0,0,0,8a11e3c8d8cb9469b0fca1ddea3f48711b3aab7a222a4d65c5dee3d47e0a9f7b,760c267b2494ac8700a239363d26a15faf2bd11bbee7fd3ffca4d432fe89c617,e1e5ca890c2be46503524efbfad86a6dbe27c1738e27ed4f629fec2e5e86928e,5000,400,distance,0.528261661529541,0.9689393599343965,0.9271985484461215,0.00619559174907234,0.9434760783627608,0.305,10.549282414214023,0.005578695330768824,0.007070458959788084,0.998548686504364,0.9987631347631347,1000,0.005578695330768824,0.007070458959788084,0.017525988267759016,0.022212501925578377,0.9956033302838397,0.998548686504364,0.9987631347631347,20000,0.005297231953591108,0.006601421628147364,0.016641744989762935,0.02073897769023653,0.9962528936646784,0.9988712668418884,0.9990123945232743,5.9744720904612265,4.276309791755105,4.276309791755105,4.246158376243653,4.250632430196721,0.9599851753918642,0.9076718874275882,0.06711190882780196,0.4852727225848565,2.2395514776007985e-08,1.3783574104309082e-07
models\octahedron_distance_pairs20000_pairseed0_seed4_model.pt,octahedron,4,20000,0,0,0,0,0,8a11e3c8d8cb9469b0fca1ddea3f48711b3aab7a222a4d65c5dee3d47e0a9f7b,760c267b2494ac8700a239363d26a15faf2bd11bbee7fd3ffca4d432fe89c617,e1e5ca890c2be46503524efbfad86a6dbe27c1738e27ed4f629fec2e5e86928e,5000,400,distance,0.5368726253509521,0.9765080956726474,0.9311740075264126,0.012615465964260567,0.9409118400731185,0.365,11.644239809312657,0.005285138264298439,0.006727748550474644,0.9987276196479797,0.998919542919543,1000,0.005285138264298439,0.006727748550474644,0.016603751544326285,0.02113584542137052,0.9960192201786933,0.9987276196479797,0.998919542919543,20000,0.005075057502835989,0.006341771688312292,0.015943763367455302,0.019923263346745636,0.9965418624258264,0.9989667534828186,0.9991336362198276,5.770444589131603,4.511076729201466,4.511076729201466,4.538301760285694,4.491838946504466,0.9485505048822154,0.917671375354977,0.08119380386207897,0.44924733197823724,2.505481155878897e-08,1.4901161193847656e-07
models\octahedron_distance_pairs40000_pairseed0_seed0_model.pt,octahedron,0,40000,0,0,0,0,0,ce5ef40a4190f01f98ecda7a5fff4e9621ae74cd47f2ac33a9f7483169322f91,760c267b2494ac8700a239363d26a15faf2bd11bbee7fd3ffca4d432fe89c617,e1e5ca890c2be46503524efbfad86a6dbe27c1738e27ed4f629fec2e5e86928e,5000,400,distance,0.5030335187911987,0.969846097156053,0.9244644322588176,0.007364096853914831,0.92508799456688,0.3275,10.354714593967161,0.0039267390966415405,0.0050201695412397385,0.9988919496536255,0.9990566070566071,1000,0.0039267390966415405,0.0050201695412397385,0.012336214698572885,0.015771327750534005,0.997783512096829,0.9988919496536255,0.9990566070566071,40000,0.0036314567551016808,0.004629672504961491,0.011408557863656469,0.014544545130113674,0.9981471081100892,0.9990731477737427,0.9992059369710317,5.312661236303217,3.9187225035167463,3.9187225035167463,3.952027949632093,3.9236226477877443,0.9524796221313702,0.8973111446207319,0.08295950661468232,0.5181928904615288,2.125948661557686e-08,1.1920928955078125e-07
models\octahedron_distance_pairs40000_pairseed0_seed1_model.pt,octahedron,1,40000,0,0,0,0,0,ce5ef40a4190f01f98ecda7a5fff4e9621ae74cd47f2ac33a9f7483169322f91,760c267b2494ac8700a239363d26a15faf2bd11bbee7fd3ffca4d432fe89c617,e1e5ca890c2be46503524efbfad86a6dbe27c1738e27ed4f629fec2e5e86928e,5000,400,distance,0.5371607542037964,0.9709509008144754,0.9300403515120769,0.0093896261697933,0.9480604573926046,0.395,9.627508980668152,0.005129965953528881,0.006552617531269789,0.9986841678619385,0.9988207108207109,1000,0.005129965953528881,0.006552617531269789,0.01611626335277209,0.020585655098020853,0.9962237711670341,0.9986841678619385,0.9988207108207109,40000,0.005045652389526367,0.006383256521075964,0.01585138447950382,0.020053591792591387,0.9964776369981776,0.9987869262695312,0.9989807533978428,4.939800401050976,4.081570083245752,4.081570083245752,4.076758485381044,4.0423468831647655,0.9190357495937441,0.9370430845399038,0.23752735832803495,0.7675253704079599,2.2328645599145602e-08,1.1920928955078125e-07
models\octahedron_distance_pairs40000_pairseed0_seed2_model.pt,octahedron,2,40000,0,0,0,0,0,ce5ef40a4190f01f98ecda7a5fff4e9621ae74cd47f2ac33a9f7483169322f91,760c267b2494ac8700a239363d26a15faf2bd11bbee7fd3ffca4d432fe89c617,e1e5ca890c2be46503524efbfad86a6dbe27c1738e27ed4f629fec2e5e86928e,5000,400,distance,0.5350937247276306,0.9758428645994793,0.9283488416752119,0.010829985294787467,0.9470731794627317,0.3325,10.366009422302122,0.004871482495218515,0.00625886395573616,0.9984545111656189,0.9986640626640627,1000,0.004871482495218515,0.00625886395573616,0.015304213619069763,0.019662801023158673,0.9965547586804204,0.9984545111656189,0.9986640626640627,40000,0.004580478183925152,0.005831842310726643,0.014389996612547574,0.018321272960272944,0.9970599067473079,0.9986856579780579,0.9989092945688286,5.705084420405743,4.176717270930514,4.176717270930514,4.199331267514607,4.204005089913345,0.9695833019988249,0.920019329990494,0.05990763561510982,0.2890899581999664,2.2311880343295343e-08,1.4901161193847656e-07
models\octahedron_distance_pairs40000_pairseed0_seed3_model.pt,octahedron,3,40000,0,0,0,0,0,ce5ef40a4190f01f98ecda7a5fff4e9621ae74cd47f2ac33a9f7483169322f91,760c267b2494ac8700a239363d26a15faf2bd11bbee7fd3ffca4d432fe89c617,e1e5ca890c2be46503524efbfad86a6dbe27c1738e27ed4f629fec2e5e86928e,5000,400,distance,0.532272219657898,0.9686010762091074,0.9249238279961768,0.009343296024957695,0.9277883073738831,0.355,9.987476671454703,0.004065930377691984,0.005188480019569397,0.99906986951828,0.9992120552120553,1000,0.004065930377691984,0.005188480019569397,0.01277349700456471,0.016300090712776643,0.9976323965517864,0.99906986951828,0.9992120552120553,40000,0.0039602601900696754,0.005085467826575041,0.01244152431942701,0.0159764683640354,0.9977643112813228,0.9991404414176941,0.9992919970805073,5.41271430363812,3.9544627747775833,3.9544627747775833,3.8861606311735972,3.8501805135294855,0.9513316643787209,0.9037861176071874,0.1079975353312649,0.5218998176664051,2.1576509467990945e-08,1.1920928955078125e-07
models\octahedron_distance_pairs40000_pairseed0_seed4_model.pt,octahedron,4,40000,0,0,0,0,0,ce5ef40a4190f01f98ecda7a5fff4e9621ae74cd47f2ac33a9f7483169322f91,760c267b2494ac8700a239363d26a15faf2bd11bbee7fd3ffca4d432fe89c617,e1e5ca890c2be46503524efbfad86a6dbe27c1738e27ed4f629fec2e5e86928e,5000,400,distance,0.5361151099205017,0.9744226190781166,0.9310992386771026,0.009162353798029927,0.9570913367709134,0.36,10.22297213715238,0.005644093733280897,0.0072183129377663136,0.9982254505157471,0.9985327075283058,1000,0.005644093733280897,0.0072183129377663136,0.017731443408647456,0.02267699889659881,0.9954175255216812,0.9982254505157471,0.9985327075283058,40000,0.00538159953430295,0.006849304307252169,0.0169067935615284,0.021517724093864342,0.9959445185217471,0.9984710216522217,0.9987535317050428,5.10789456663448,3.9405061471946032,3.9405061471946032,3.8895985281280203,3.974709401853715,0.9631650433184805,0.9201044273387446,0.07343657613855605,0.4011051037247276,2.574995150439463e-08,1.7881393432617188e-07
models\octahedron_distance_pairs78800_pairseed0_seed0_model.pt,octahedron,0,78800,0,0,0,0,0,2324849bd2e39571af4712d8d74315017ab48812099dc621536eb0b2943704c4,760c267b2494ac8700a239363d26a15faf2bd11bbee7fd3ffca4d432fe89c617,e1e5ca890c2be46503524efbfad86a6dbe27c1738e27ed4f629fec2e5e86928e,5000,400,distance,0.5153880715370178,0.9736256711996856,0.9323629787093486,0.01074787705906195,0.9589122696731227,0.3625,9.924635328087533,0.003986915573477745,0.005126205738633871,0.9988905787467957,0.999014679014679,1000,0.003986915573477745,0.005126205738633871,0.012525264676120421,0.016104450289282007,0.9976888893103862,0.9988905787467957,0.999014679014679,78800,0.0038886249531060457,0.004962647799402475,0.012216475585243906,0.01559061786895637,0.9978717129003828,0.9989843368530273,0.999153686949825,5.038002284248675,3.86219459916035,3.86219459916035,3.9082845285465484,3.8202510492247455,0.9120166565599566,0.9090862583744199,0.08540550496606326,0.4586545911722817,2.0753592622213546e-08,1.1920928955078125e-07
models\octahedron_distance_pairs78800_pairseed0_seed1_model.pt,octahedron,1,78800,0,0,0,0,0,2324849bd2e39571af4712d8d74315017ab48812099dc621536eb0b2943704c4,760c267b2494ac8700a239363d26a15faf2bd11bbee7fd3ffca4d432fe89c617,e1e5ca890c2be46503524efbfad86a6dbe27c1738e27ed4f629fec2e5e86928e,5000,400,distance,0.5669151544570923,0.970780358888881,0.9302069610569536,0.009717891289293897,0.9372197950201979,0.4,9.468832855727667,0.003715324681252241,0.0047827293165028095,0.9990270137786865,0.9991746751746753,1000,0.003715324681252241,0.0047827293165028095,0.01167203672432288,0.015025387284833758,0.9979882210046871,0.9990270137786865,0.9991746751746753,78800,0.0035288382787257433,0.0045065912418067455,0.011086172412151245,0.014157873937992175,0.9982449088112887,0.99916672706604,0.9992929177233516,4.916917097475907,3.9910169661836337,3.9910169661836337,4.003259953811104,4.060438809990076,0.9207518921858358,0.9276596247529723,0.2728869438971345,0.7472809982954247,2.231523410500813e-08,1.4901161193847656e-07
models\octahedron_distance_pairs78800_pairseed0_seed2_model.pt,octahedron,2,78800,0,0,0,0,0,2324849bd2e39571af4712d8d74315017ab48812099dc621536eb0b2943704c4,760c267b2494ac8700a239363d26a15faf2bd11bbee7fd3ffca4d432fe89c617,e1e5ca890c2be46503524efbfad86a6dbe27c1738e27ed4f629fec2e5e86928e,5000,400,distance,0.5288183689117432,0.974983217982769,0.9330588434971068,0.011125206125528152,0.9538975556029755,0.3725,8.65407091919117,0.004801253322511911,0.006231878884136677,0.9983340501785278,0.9985692745692746,1000,0.004801253322511911,0.006231878884136677,0.015083582166027006,0.01957802492046514,0.99658440266383,0.9983340501785278,0.9985692745692746,78800,0.004496938083320856,0.00577863585203886,0.014127547646208967,0.018154119940535878,0.9971142812801608,0.9985792636871338,0.9987962754458434,5.290427747339088,4.080353564141471,4.080353564141471,4.015165499436156,4.046084000186662,0.9225576995377749,0.9058459157065787,0.07499148801513102,0.335512619365193,2.2671743593605242e-08,1.1920928955078125e-07
models\octahedron_distance_pairs78800_pairseed0_seed3_model.pt,octahedron,3,78800,0,0,0,0,0,2324849bd2e39571af4712d8d74315017ab48812099dc621536eb0b2943704c4,760c267b2494ac8700a239363d26a15faf2bd11bbee7fd3ffca4d432fe89c617,e1e5ca890c2be46503524efbfad86a6dbe27c1738e27ed4f629fec2e5e86928e,5000,400,distance,0.5142938494682312,0.9664705325114876,0.922212906445577,0.00996740552321702,0.9396091096200911,0.3675,10.072841871661856,0.005574746988713741,0.006823922041803598,0.9990863800048828,0.9991339231339231,1000,0.005574746988713741,0.006823922041803598,0.01751358418536491,0.021437983355199645,0.9959045958369594,0.9990863800048828,0.9991339231339231,78800,0.005630625411868095,0.006864516995847225,0.01768913142904081,0.02156551616459592,0.9959278545590473,0.9991595149040222,0.9992928141726076,5.0165564109961185,3.7769533419090116,3.7769533419090116,3.784706738867616,3.795687270292298,0.9645316196272755,0.9020573773365979,0.09040732898098858,0.5427884295784047,2.2729393478471138e-08,1.341104507446289e-07
models\octahedron_distance_pairs78800_pairseed0_seed4_model.pt,octahedron,4,78800,0,0,0,0,0,2324849bd2e39571af4712d8d74315017ab48812099dc621536eb0b2943704c4,760c267b2494ac8700a239363d26a15faf2bd11bbee7fd3ffca4d432fe89c617,e1e5ca890c2be46503524efbfad86a6dbe27c1738e27ed4f629fec2e5e86928e,5000,400,distance,0.5289942026138306,0.9736202795626967,0.9312200850629653,0.00941307289903568,0.9545586829975867,0.4075,10.0112987042463,0.0038788137026131153,0.004867637995630503,0.9991654753684998,0.9991987111987113,1000,0.0038788137026131153,0.004867637995630503,0.012185652632772787,0.015292135767407332,0.9979161559728584,0.9991654753684998,0.9991987111987113,78800,0.0038099053781479597,0.004807513207197189,0.011969170746861872,0.015103248173766595,0.9980026952811841,0.9992466568946838,0.9993455498459997,5.018469771576115,3.8141921057962516,3.8141921057962516,3.8627990355126434,3.905946887193103,0.9364419186340819,0.921047705091931,0.12465352405594693,0.6077000847923205,2.4652480945519528e-08,1.4901161193847656e-07
